Coef 0, Coef 1, Coef 2
0.0232401, 0.00491444, -0.00160915
0.0152777, 0.0342046, 0.0464642
0.00881078, -0.0107981, 0.0168976
0.0161336, 0.00540725, 0.00104766
0.0967715, 0.0439178, 0.0271555
0.102791, 0.043916, 0.0215008
