Coef 0, Coef 1, Coef 2
0.06027, 0.0328559, 0.0887434
0.0990884, 0.089144, -0.0338473
0.0518729, -0.0086526, -0.0211562
0.0247515, 0.0301483, -0.0138573
-0.0130286, -0.0057443, -0.0190396
-0.0874798, -0.120411, 0.0317977
