Coef 0, Coef 1, Coef 2, Coef 3
0.0252165, 0.0232027, 0.0438155, 0.0736478
0.250958, 0.0368992, 0.0679914, 0.180723
0.0388416, 0.0337349, -0.0062267, -0.0194701
-0.0551877, 0.0175978, 0.0046796, 0.0185869
0.0067154, 0.008678, -0.0062494, 0.0070855
0.250908, 0.0683663, -0.141125, -0.0757248
