Coef 0, Coef 1, Coef 2
0.0091992, 0.0254818, 0.0487267
-0.0415096, 0.023275, 0.0541042
0.0212793, 0.0172333, 0.0943532
0.0169103, 0.0215272, 0.0889104
0.0259666, 0.0370093, 0.129365
0.0446028, -0.161196, 0.0801136
0.0048532, 0, -0.0176821
1.92257e+107, 0.0197051, 10.1582
-0.0089104, 0.0156137, 99.6541
