Coef 0, Coef 1, Coef 2
0.0107656, -0.0015085, 0.0641942
0.046654, 0.0177022, -0.0075088
0.0405681, 0.0207672, 0.0705059
0.0149841, 0.025365, 0.0109059
-0.035808, -0.0144322, 0.0215652
0.03393, -0.0582404, 0.0070292
0.0043108, 0, -0.0099798
-0.023319, 0.0285382, 3.46977
-0.005911, -0.0026754, 72.5753
