Coef 0, Coef 1, Coef 2
0.0321176, 0.0195215, 0.0714307
0.0231834, 0.0081994, 0.0572674
0.0176152, 0.0103128, 0.0779097
0.0217923, 0.0904561, 0.0815386
0.0382859, 0.0381437, 0.11396
-0.055783, -0.0340688, -0.0786276
0.0078862, 0, 0.0033818
