Coef 0, Coef 1, Coef 2, Coef 3
-0.0206979, 0.0401334, 0.0054255, -0.0129294
-0.0444701, -0.016158, -0.0160375, 0.0446505
0.0098585, 0.025903, 0.0137087, 0.0416453
0.0891138, 0.0094098, 0.0129959, 0.0245509
0.0118487, -0.0299605, -0.0181306, -0.0218271
-0.49644, 0.0170842, -0.0494458, 1255.79
47.3261, 0, -0.0048943, 0.020888
0.0486392, -0.0319321, 0.933545, -0.05295
-0.0979075, 0.003881, 2298.82, 0.002179
