Coef 0, Coef 1, Coef 2
0.0145191, 0.0283622, 0.0216261
0.0113496, 0.0714332, -0.0789931
0.0676394, -0.0058855, 0.0736266
-0.003037, 0.0014151, 0.0128062
-0.0289814, 0.0135833, -0.0095826
-0.0159485, 0.0264266, 0.140184
0.0001195, 0, -0.0046949
0.044949, 0.0219824, 6.23528
