Coef 0, Coef 1, Coef 2
0.0524419, 0.0164398, 0.0660213
0.0165874, 0.0937246, 0.0509891
0.0603921, 0.0117734, -0.0127602
0.0344891, -0.0140369, 0.0213768
-0.0057777, -0.001905, 0.01317
