Coef 0, Coef 1, Coef 2
0.115628, 0.0815001, 0.0681881
0.10507, -0.0215996, 0.0062774
