Coef 0, Coef 1, Coef 2, Coef 3
0.0447009, 0.0006787, 0.0535522, 0.0804682
0.259475, 0.0664686, 0.0218571, -0.0600387
-0.0140832, 0.0365646, -0.0030803, 0.0155742
0.0422381, -0.0278314, -0.0103377, 0.0444747
0.0172658, -0.0178963, 0.018508, -0.0061362
