Coef 0, Coef 1, Coef 2
0.0860909, 0.0335913, 0.119328
0.0345192, 0.032041, 0.0129909
-0.0154106, -0.0120887, -0.0270524
