Coef 0, Coef 1, Coef 2, Coef 3
0.0837541, 0.0334822, 0.106475, 0.0883222
0.0948108, 0.0524071, 0.0435194, -0.0166204
-0.0119447, -0.0202517, 0.0097553, -0.0003633
