Coef 0, Coef 1, Coef 2, Coef 3
0.0739966, 0.0481547, 0.0670806, 0.101244
0.131029, 0.0327702, 0.0667755, 0.106617
0.0616048, 0.0009161, 0.0263129, 0.0206101
0.0405406, 0.0123511, 0.0241221, -0.0060738
