Coef 0, Coef 1, Coef 2
0.0570156, 0.0446566, 0.107515
0.073643, 0.0864208, 0.0716975
0.0060263, 0.0088782, -0.0121596
0.0204233, -0.0047885, -0.0061263
