Coef 0, Coef 1, Coef 2, Coef 3
0.0183678, -0.0174253, 0.0207901, 0.0230956
0.0720653, 0.0760415, 0.0955833, 0.342699
0.0872325, 0.0534593, 0.0501865, 0.0644235
0.161059, -0.0167691, 0.0198215, -0.0539349
-0.0222555, -0.0113231, 0.0413041, -0.0056217
-0.129428, -0.0108518, 0.0132718, 636.496
24.9162, 0, 0.0397682, -0.0239587
