Coef 0, Coef 1, Coef 2, Coef 3
0.0983308, 0.0702454, 0.0386564, 0.106151
0.119118, 0.0713059, -0.0262245, -0.0046749
