Coef 0, Coef 1, Coef 2, Coef 3
-0.007278, 0.0126175, 0.0339275, -0.0047446
-0.0175361, -0.030366, -0.0099726, -0.0358269
-0.0076149, 0.0447515, 0.0179891, 0.0884322
0.195136, 0.0219518, -0.0120583, 0.0171893
0.0087025, 0.0269584, 0.001332, 0.0060504
0.131459, 0.0623598, 0.0773046, -0.0050783
-0.0001935, 0, -0.0078814, 0.0273956
0.0640524, 0.0049364, 208.513, -0.0123148
