Coef 0, Coef 1, Coef 2
-0.0111771, 0.0211871, 0.0305279
0.0357231, 0.0198157, 0.0261936
0.0125724, 0.00484624, 0.00135324
0.0180997, -0.000284097, 0.0129748
0.10897, 0.0390434, 0.0192779
0.112052, 0.0474221, 0.0294969
