Coef 0, Coef 1, Coef 2
0.0018802, 0.0285582, 0.00839014
0.0456372, 0.0215372, 0.0263813
0.0061671, 0.00524551, 8.44926e-05
-0.000434722, 0.0371369, 0.0126897
0.109348, 0.0378284, 0.0223237
0.10546, 0.0390256, 0.0292639
