Coef 0, Coef 1, Coef 2
0.0266422, 0.0209573, 0.0175472
0.0568981, 0.0375903, 0.0222045
0.0174602, 0.0117516, 0.0148781
-0.000930505, 0.0192866, 0.0139107
0.0960639, 0.0426991, 0.0290832
0.12158, 0.0230274, 0.0515124
