Coef 0, Coef 1, Coef 2, Coef 3
0.0136116, -0.016588, -0.0146359, -0.0170671
-0.0170671, -0.0005229, 0.0007892, -0.0190213
-0.0184423, -0.0019564, -0.0121872, 0.0172294
0.0177703, -0.0078127, 0.0040801, 0.0142136
0.0138191, 0.006818, -0.0315847, 0.0127688
0.012876, -0.0054714, 0.0081525, 0.0040065
