Coef 1, Coef 2, Coef 3
0.0483027, 0.0270571, 0.00765001
0.068795, 0.00833127, 0.0236186
0.0801938, 0.0298842, 0.0334006
0.0863752, 0.000510384, 0.0143521
0.0759074, 0.0149312, -0.00625074
0.0741719, -0.00610814, 0.00963853
