Coef 1, Coef 2, Coef 3
0.0667166, 0.038679, 0.0269902
0.0786933, 0.0498419, 0.0379513
0.0819837, 0.0139712, 0.000951705
0.0665754, 0.00136469, 0.0203111
0.0618056, 0.0188289, 0.00882661
0.0692333, 0.00474192, 0.0355219
