Coef 1, Coef 2, Coef 3
-0.0038684, -0.00418203, 3.10936
0.00153084, 0.0251645, -1.79575
0.000215636, 0.00359377, 0.676933
-0.00888086, 0.00453996, 0.939361
0.00136963, 0.00196076, 3.0212
-0.00734176, 0.00464096, -0.384842
