Coef 0, Coef 1, Coef 2
0.0511127, 0.057399, 0.00364539
0.067385, -0.0151198, 0.0234102
0.0658399, 0.0238896, 0.0179415
0.0772191, -0.000777919, 0.0409207
0.0748228, 0.0166623, 0.0117018
0.0638024, 0.0598571, 0.019977
