Coef 1, Coef 2, Coef 3
-0.000243422, -0.00112, 0.000463463
0.0021332, -0.0230975, -0.00202994
-0.0204319, 0.00443205, -0.00136023
-0.0246385, -0.0120999, -0.0123921
0.00251923, 0.00933616, -0.0163753
0.0315887, -0.00298695, 0.011431
